experiment_id,qth,qth_lat,qth_lon,distance_units
747dc674-bdd0-4204-ac45-4a160f7ab38e,EM74SA,34.020833333333336,-84.45833333333333,mi
